Job_Title,Industry,Company_Size,Location,AI_Adoption_Level,Automation_Risk,Required_Skills,Salary_USD,Remote_Friendly,Job_Growth_Projection
Cybersecurity Analyst,Entertainment,Small,United Arab Emirates,Medium,High,UX/UI Design,111392.1652,Yes,Growth
Marketing Specialist,Technology,Large,Singapore,Medium,High,Marketing,93792.56247,No,Decline
AI Researcher,Technology,Large,Singapore,Medium,High,UX/UI Design,107170.2631,Yes,Growth
Sales Manager,Retail,Small,Germany,Low,High,Project Management,93027.95376,No,Growth
Cybersecurity Analyst,Entertainment,Small,Japan,Low,Low,JavaScript,87752.92217,Yes,Decline
UX Designer,Education,Large,United States of America,Medium,Medium,Cybersecurity,102825.0079,No,Growth
HR Manager,Finance,Medium,Singapore,Low,High,Sales,102065.7207,Yes,Growth
Cybersecurity Analyst,Technology,Small,United Arab Emirates,Medium,Low,Machine Learning,86607.31762,Yes,Decline
AI Researcher,Retail,Large,United Kingdom,High,Low,JavaScript,75015.86085,No,Stable
Sales Manager,Entertainment,Medium,Singapore,High,Low,Cybersecurity,96834.57829,Yes,Decline
Marketing Specialist,Finance,Small,United Kingdom,High,High,Python,91566.97338,Yes,Growth
AI Researcher,Entertainment,Medium,Singapore,Medium,High,UX/UI Design,78902.56574,No,Growth
AI Researcher,Transportation,Large,United States of America,High,Medium,Python,73151.99035,Yes,Growth
HR Manager,Retail,Small,France,Low,High,Cybersecurity,98209.51688,Yes,Decline
Product Manager,Finance,Medium,Singapore,High,High,JavaScript,101001.9011,Yes,Growth
Sales Manager,Telecommunications,Small,United Arab Emirates,High,Low,UX/UI Design,82799.35771,No,Growth
Software Engineer,Manufacturing,Medium,Singapore,High,Medium,Machine Learning,78401.25928,No,Decline
AI Researcher,Manufacturing,Large,Japan,Low,High,Project Management,73394.89622,No,Stable
Product Manager,Finance,Large,United States of America,Medium,High,UX/UI Design,97645.09878,Yes,Stable
Software Engineer,Entertainment,Small,United Arab Emirates,Low,Low,UX/UI Design,73920.45853,Yes,Growth
Sales Manager,Retail,Medium,Australia,Medium,Low,JavaScript,134822.6914,Yes,Decline
Data Scientist,Manufacturing,Small,United Arab Emirates,Medium,High,JavaScript,81794.37128,Yes,Growth
UX Designer,Retail,Small,Japan,High,Medium,Cybersecurity,41495.71444,No,Decline
Product Manager,Manufacturing,Medium,France,Medium,Medium,Data Analysis,89396.56667,Yes,Decline
Operations Manager,Transportation,Medium,United States of America,Low,Low,UX/UI Design,88539.3304,Yes,Stable
Data Scientist,Entertainment,Medium,Australia,Low,Low,Sales,112234.3714,Yes,Stable
UX Designer,Transportation,Large,Japan,Medium,High,UX/UI Design,95762.52473,No,Decline
HR Manager,Manufacturing,Small,Japan,High,Low,Cybersecurity,73323.29633,Yes,Growth
Cybersecurity Analyst,Telecommunications,Small,United States of America,High,High,Marketing,84272.16253,Yes,Stable
Marketing Specialist,Telecommunications,Large,United States of America,Low,Medium,Python,96548.39543,Yes,Growth
Operations Manager,Transportation,Medium,United Arab Emirates,High,Medium,Project Management,46705.71499,Yes,Stable
HR Manager,Telecommunications,Large,United Kingdom,Medium,High,Data Analysis,116772.4347,Yes,Stable
Sales Manager,Manufacturing,Large,France,Medium,Low,Machine Learning,73376.60228,No,Growth
HR Manager,Finance,Large,United Kingdom,Low,Medium,Machine Learning,118340.8764,Yes,Stable
Cybersecurity Analyst,Transportation,Small,United Arab Emirates,Medium,Low,Machine Learning,97849.30282,Yes,Stable
Sales Manager,Healthcare,Large,United Arab Emirates,Low,Medium,JavaScript,102591.8827,Yes,Growth
Operations Manager,Entertainment,Small,United States of America,Medium,High,Machine Learning,112988.4687,Yes,Stable
Cybersecurity Analyst,Telecommunications,Small,United Arab Emirates,Low,High,Project Management,101462.6411,Yes,Stable
Software Engineer,Telecommunications,Small,United States of America,High,High,Python,103457.7243,Yes,Stable
Marketing Specialist,Technology,Medium,Australia,Medium,Medium,Machine Learning,86711.67119,Yes,Growth
Operations Manager,Education,Small,United Arab Emirates,Medium,Low,UX/UI Design,97443.37363,Yes,Decline
Software Engineer,Transportation,Small,United Kingdom,Low,Low,UX/UI Design,78250.0437,Yes,Growth
UX Designer,Energy,Medium,United Arab Emirates,Low,Low,JavaScript,83131.77801,Yes,Decline
Operations Manager,Telecommunications,Small,United States of America,Medium,Medium,Project Management,129293.901,No,Stable
UX Designer,Entertainment,Large,Singapore,Low,Medium,Python,73836.1283,No,Decline
Sales Manager,Healthcare,Large,Singapore,Medium,Medium,Data Analysis,93086.34253,No,Growth
Software Engineer,Telecommunications,Small,Japan,High,Medium,Cybersecurity,92269.38073,No,Growth
Marketing Specialist,Healthcare,Medium,France,Low,Medium,Python,83784.91056,Yes,Stable
Cybersecurity Analyst,Manufacturing,Large,Germany,Medium,Low,Cybersecurity,100288.0187,No,Decline
AI Researcher,Manufacturing,Medium,Australia,High,Medium,Marketing,101794.4419,No,Stable
HR Manager,Education,Medium,Canada,High,Medium,Cybersecurity,71483.61634,Yes,Stable
Data Scientist,Finance,Large,Japan,Medium,Low,Sales,92027.13423,No,Growth
Marketing Specialist,Energy,Medium,France,Low,Medium,UX/UI Design,68352.65322,No,Decline
Software Engineer,Technology,Large,Singapore,Medium,Low,Project Management,105770.9724,Yes,Decline
AI Researcher,Education,Medium,United Kingdom,High,Low,Communication,93529.74621,Yes,Decline
Marketing Specialist,Retail,Large,Canada,Medium,High,JavaScript,91646.59773,Yes,Decline
Software Engineer,Technology,Small,France,Low,High,Sales,103180.627,No,Stable
Product Manager,Transportation,Large,France,High,High,Cybersecurity,84489.79419,No,Stable
Product Manager,Entertainment,Large,Japan,Medium,High,Machine Learning,108280.4392,Yes,Growth
UX Designer,Retail,Large,Canada,Low,Medium,Project Management,71031.10254,Yes,Stable
Marketing Specialist,Retail,Large,United States of America,High,High,Sales,118237.5304,No,Stable
Product Manager,Education,Medium,Germany,Low,Low,JavaScript,78981.77635,Yes,Growth
Software Engineer,Finance,Small,United States of America,High,Medium,UX/UI Design,56076.41865,No,Growth
UX Designer,Education,Large,Canada,Medium,High,Project Management,83429.30183,Yes,Growth
Software Engineer,Transportation,Medium,United States of America,Low,Low,JavaScript,81160.63605,Yes,Stable
UX Designer,Telecommunications,Small,United States of America,High,Medium,Marketing,83278.52028,No,Stable
Marketing Specialist,Telecommunications,Small,Singapore,Low,Medium,Marketing,94632.96031,Yes,Growth
AI Researcher,Finance,Small,United States of America,Low,High,JavaScript,111956.8472,Yes,Growth
Cybersecurity Analyst,Transportation,Small,United Arab Emirates,Medium,Medium,Sales,86165.88172,Yes,Growth
Operations Manager,Finance,Large,United States of America,Low,Low,Project Management,76167.6486,No,Stable
AI Researcher,Healthcare,Large,United Arab Emirates,High,Medium,Sales,67469.06375,Yes,Stable
Sales Manager,Telecommunications,Medium,United Kingdom,High,Low,Data Analysis,80636.34417,Yes,Decline
Software Engineer,Retail,Medium,Australia,High,Medium,Cybersecurity,52243.50321,Yes,Stable
Sales Manager,Energy,Medium,United Kingdom,High,High,Data Analysis,75497.33813,Yes,Stable
AI Researcher,Entertainment,Small,Canada,Medium,Low,Marketing,114881.0779,Yes,Stable
UX Designer,Transportation,Small,France,Low,Medium,UX/UI Design,73532.81591,Yes,Growth
Operations Manager,Technology,Large,Singapore,Medium,Medium,Python,102574.3172,No,Stable
Operations Manager,Finance,Small,United States of America,Low,Medium,Cybersecurity,65470.3582,No,Growth
Data Scientist,Entertainment,Small,Japan,Low,Low,Marketing,125421.918,Yes,Decline
Operations Manager,Technology,Small,Australia,Low,Low,Sales,126752.1347,No,Decline
Cybersecurity Analyst,Entertainment,Medium,Germany,Medium,Low,Sales,101820.4311,No,Growth
Operations Manager,Energy,Medium,Germany,Low,High,Sales,129825.052,Yes,Growth
AI Researcher,Technology,Large,Germany,Medium,High,UX/UI Design,97115.8595,No,Growth
Data Scientist,Education,Small,United States of America,High,Low,Data Analysis,105370.3423,No,Stable
AI Researcher,Manufacturing,Small,Germany,High,Medium,Python,115238.6775,No,Decline
AI Researcher,Education,Large,United States of America,Low,High,Sales,93594.36906,No,Growth
HR Manager,Telecommunications,Small,Australia,Medium,Low,Communication,58952.45077,No,Stable
Data Scientist,Manufacturing,Small,United States of America,High,Medium,Cybersecurity,105779.2671,No,Decline
AI Researcher,Education,Medium,France,Medium,High,Project Management,80562.80811,No,Stable
HR Manager,Manufacturing,Large,Australia,Medium,Medium,Communication,82049.40358,No,Decline
HR Manager,Manufacturing,Large,United States of America,Low,Medium,Python,95957.89833,Yes,Stable
Data Scientist,Retail,Large,Australia,High,Medium,UX/UI Design,101325.6176,Yes,Decline
Sales Manager,Finance,Large,France,Low,Medium,Python,93002.69268,No,Decline
UX Designer,Finance,Medium,United Arab Emirates,Low,High,Project Management,102714.5907,No,Stable
Cybersecurity Analyst,Retail,Medium,United States of America,High,High,Cybersecurity,75862.85732,Yes,Growth
UX Designer,Entertainment,Small,United States of America,High,High,Project Management,89145.92411,No,Decline
Operations Manager,Healthcare,Small,Germany,Medium,Low,JavaScript,106981.709,No,Growth
Cybersecurity Analyst,Entertainment,Small,United Kingdom,High,High,Cybersecurity,125455.8235,Yes,Stable
Operations Manager,Technology,Small,Germany,Medium,Medium,Python,132528.7118,Yes,Growth
AI Researcher,Technology,Medium,Canada,Medium,High,Sales,98659.53365,Yes,Growth
Software Engineer,Manufacturing,Large,United States of America,Medium,Medium,Python,106800.1965,No,Growth
Data Scientist,Education,Medium,Australia,High,Low,Python,129631.5833,No,Growth
Cybersecurity Analyst,Education,Small,United Kingdom,Low,Medium,Cybersecurity,76583.27927,Yes,Growth
Cybersecurity Analyst,Finance,Medium,France,Medium,Medium,JavaScript,102593.9971,Yes,Decline
AI Researcher,Transportation,Large,Canada,Low,Medium,Python,105366.859,No,Decline
Sales Manager,Entertainment,Large,France,Low,Low,Communication,118957.2287,Yes,Decline
HR Manager,Telecommunications,Medium,United States of America,High,High,Marketing,67257.17239,No,Stable
AI Researcher,Energy,Medium,United States of America,Low,High,Machine Learning,71211.88432,No,Growth
Product Manager,Education,Medium,Germany,Low,Low,Machine Learning,90427.64422,Yes,Decline
HR Manager,Energy,Small,United States of America,High,Medium,Python,97554.55325,Yes,Stable
Data Scientist,Manufacturing,Medium,United Kingdom,Medium,High,Communication,112457.2791,No,Decline
HR Manager,Energy,Medium,Singapore,Low,Low,Sales,100350.8755,Yes,Decline
Sales Manager,Telecommunications,Medium,Canada,High,High,UX/UI Design,86971.7354,Yes,Growth
HR Manager,Retail,Large,Canada,Low,Low,UX/UI Design,98329.2289,Yes,Stable
Data Scientist,Telecommunications,Large,Germany,Low,Medium,Cybersecurity,96020.88953,Yes,Growth
Sales Manager,Energy,Small,United States of America,Medium,High,Machine Learning,124900.3286,No,Growth
UX Designer,Telecommunications,Small,Germany,Low,Low,Python,93313.17887,No,Decline
Cybersecurity Analyst,Healthcare,Large,Australia,High,High,UX/UI Design,82338.33173,No,Growth
Cybersecurity Analyst,Manufacturing,Large,United Kingdom,Low,High,Python,98992.1806,No,Stable
Operations Manager,Entertainment,Large,United States of America,Medium,High,Cybersecurity,93969.70639,Yes,Growth
UX Designer,Retail,Medium,United Arab Emirates,Medium,High,Machine Learning,58580.13289,Yes,Growth
UX Designer,Education,Medium,Japan,High,Low,Project Management,89686.95877,No,Growth
HR Manager,Technology,Large,Japan,Medium,Medium,Marketing,87985.23509,No,Decline
Cybersecurity Analyst,Entertainment,Medium,Germany,Low,Low,Marketing,79122.56268,Yes,Stable
Data Scientist,Technology,Medium,Australia,Medium,Low,UX/UI Design,110711.6658,No,Decline
Marketing Specialist,Manufacturing,Small,United Kingdom,High,Low,Marketing,74286.40807,No,Decline
Marketing Specialist,Retail,Large,Singapore,Medium,Medium,Project Management,99112.37239,Yes,Decline
Sales Manager,Finance,Large,Japan,Medium,High,Python,87042.86,No,Decline
Cybersecurity Analyst,Education,Medium,United Kingdom,Medium,High,Cybersecurity,92153.90011,Yes,Decline
Cybersecurity Analyst,Healthcare,Large,United States of America,High,High,Project Management,98235.72582,Yes,Stable
Marketing Specialist,Finance,Small,France,Medium,Medium,Cybersecurity,63848.51232,No,Growth
Cybersecurity Analyst,Manufacturing,Small,Australia,Medium,High,Cybersecurity,93833.21783,Yes,Decline
HR Manager,Entertainment,Small,United States of America,Low,Medium,Machine Learning,135778.9498,No,Decline
Product Manager,Healthcare,Large,United Kingdom,High,High,Python,58864.73308,Yes,Stable
Software Engineer,Telecommunications,Large,United States of America,Medium,High,Communication,88847.84073,No,Stable
UX Designer,Energy,Large,Singapore,High,Low,Marketing,112464.7865,No,Growth
Operations Manager,Healthcare,Large,United Arab Emirates,Medium,Medium,Communication,96032.38496,No,Stable
Sales Manager,Manufacturing,Large,United States of America,Medium,Low,Machine Learning,103759.339,Yes,Growth
Product Manager,Transportation,Small,United Arab Emirates,Medium,Low,Cybersecurity,42486.67978,Yes,Decline
Marketing Specialist,Energy,Medium,Singapore,Low,Low,UX/UI Design,101964.9875,No,Decline
UX Designer,Technology,Small,United States of America,Low,Medium,Marketing,74766.23588,Yes,Growth
Cybersecurity Analyst,Education,Large,Japan,Low,Medium,Marketing,96197.54569,No,Stable
Operations Manager,Technology,Small,United Arab Emirates,High,High,Python,89411.30538,No,Growth
Cybersecurity Analyst,Healthcare,Large,United States of America,High,Low,JavaScript,135566.6606,Yes,Stable
Data Scientist,Technology,Large,Germany,Low,High,Data Analysis,100933.9065,No,Decline
Data Scientist,Manufacturing,Small,Canada,High,Low,Data Analysis,87747.52341,Yes,Stable
Operations Manager,Telecommunications,Large,United Kingdom,Medium,Medium,Data Analysis,59806.14481,No,Growth
Operations Manager,Entertainment,Medium,Japan,Medium,Medium,JavaScript,92422.93804,Yes,Growth
Marketing Specialist,Education,Large,United Arab Emirates,Medium,Medium,Python,106464.5776,No,Decline
Operations Manager,Technology,Medium,France,Low,Low,JavaScript,88388.96216,No,Stable
HR Manager,Technology,Medium,United Kingdom,High,Medium,Data Analysis,79886.8728,Yes,Stable
Cybersecurity Analyst,Healthcare,Large,Germany,Low,Low,Machine Learning,78548.26672,No,Stable
Product Manager,Entertainment,Small,Singapore,High,High,Project Management,100702.8287,No,Decline
AI Researcher,Finance,Medium,Canada,Medium,Low,Cybersecurity,105187.7588,Yes,Stable
Operations Manager,Technology,Small,United States of America,Low,High,JavaScript,117224.2023,No,Growth
Sales Manager,Manufacturing,Medium,Germany,High,Low,Python,70100.00214,Yes,Stable
Data Scientist,Transportation,Large,Germany,High,High,Python,100519.5512,No,Decline
HR Manager,Education,Large,Singapore,Medium,Medium,Communication,87565.92091,Yes,Stable
UX Designer,Technology,Medium,Australia,Low,High,Project Management,88155.31591,No,Stable
AI Researcher,Manufacturing,Large,Singapore,Low,Medium,UX/UI Design,98036.51708,No,Growth
Product Manager,Manufacturing,Medium,Australia,Low,Medium,Marketing,98153.12507,No,Stable
AI Researcher,Education,Large,Australia,Medium,High,Data Analysis,100575.3621,Yes,Growth
Operations Manager,Finance,Small,Japan,Low,Low,UX/UI Design,68850.57616,Yes,Growth
Marketing Specialist,Manufacturing,Large,Japan,Medium,Low,Communication,75003.77186,Yes,Decline
Data Scientist,Transportation,Small,United States of America,Medium,Low,Data Analysis,119717.3655,Yes,Growth
Data Scientist,Manufacturing,Large,United Arab Emirates,Medium,Low,Project Management,85588.55065,No,Growth
UX Designer,Manufacturing,Small,United Arab Emirates,High,Low,Communication,96120.28796,No,Decline
Marketing Specialist,Manufacturing,Large,United States of America,Low,Medium,Data Analysis,111093.3262,Yes,Growth
Cybersecurity Analyst,Telecommunications,Small,United Arab Emirates,Low,Low,Project Management,99268.86145,Yes,Decline
Software Engineer,Telecommunications,Medium,Japan,Medium,Medium,Sales,100930.4526,Yes,Stable
HR Manager,Finance,Medium,United States of America,Medium,Medium,UX/UI Design,107891.5536,No,Decline
Data Scientist,Technology,Small,United States of America,Low,Medium,UX/UI Design,47666.72478,Yes,Growth
Sales Manager,Manufacturing,Large,Australia,Medium,High,Marketing,80200.9969,Yes,Decline
Data Scientist,Entertainment,Small,Singapore,Low,High,Project Management,99372.11593,No,Growth
AI Researcher,Technology,Large,United States of America,High,Medium,JavaScript,117752.8861,No,Stable
Data Scientist,Finance,Medium,Australia,Medium,High,Sales,91321.91119,Yes,Decline
Data Scientist,Retail,Large,Singapore,Low,Low,Machine Learning,73105.67076,No,Stable
Software Engineer,Technology,Medium,United Arab Emirates,Medium,Low,Data Analysis,73638.27901,Yes,Growth
Software Engineer,Technology,Large,Australia,Low,Medium,Sales,107677.2241,No,Growth
Product Manager,Energy,Large,United Kingdom,Low,Low,Project Management,85644.52835,Yes,Stable
Cybersecurity Analyst,Healthcare,Large,United Arab Emirates,Medium,Medium,Cybersecurity,89855.99908,Yes,Decline
Sales Manager,Energy,Small,Singapore,High,Medium,Data Analysis,102300.6039,Yes,Decline
Data Scientist,Transportation,Small,United States of America,Low,Low,Python,31969.52635,Yes,Growth
Data Scientist,Telecommunications,Medium,Singapore,Low,High,UX/UI Design,130007.3502,No,Stable
HR Manager,Telecommunications,Medium,Australia,Low,Low,Project Management,75378.5233,No,Stable
Software Engineer,Healthcare,Small,Australia,High,Low,Python,94838.72739,No,Decline
Sales Manager,Education,Medium,Germany,High,Medium,Marketing,55906.05973,No,Decline
UX Designer,Education,Small,United States of America,Medium,Medium,Communication,81549.17779,Yes,Decline
Product Manager,Finance,Large,France,High,Medium,Machine Learning,114893.7609,Yes,Stable
Cybersecurity Analyst,Healthcare,Medium,United Arab Emirates,Medium,Medium,Machine Learning,51676.65641,No,Decline
Marketing Specialist,Technology,Medium,United States of America,Medium,High,Python,112524.0017,No,Decline
Cybersecurity Analyst,Education,Small,United States of America,High,High,UX/UI Design,84526.07808,No,Growth
AI Researcher,Manufacturing,Medium,United States of America,Medium,High,Marketing,99743.2888,No,Decline
Data Scientist,Entertainment,Medium,United States of America,High,Medium,Cybersecurity,103150.4883,No,Decline
Product Manager,Technology,Large,United States of America,Medium,Medium,UX/UI Design,98828.42999,Yes,Stable
AI Researcher,Transportation,Medium,Singapore,High,Medium,Sales,72700.98697,Yes,Stable
Sales Manager,Manufacturing,Large,United States of America,High,High,Machine Learning,82709.01707,Yes,Growth
Marketing Specialist,Manufacturing,Small,Germany,Medium,Medium,Sales,60768.87645,No,Decline
Software Engineer,Healthcare,Medium,France,Low,Low,Data Analysis,99835.92663,No,Growth
Product Manager,Finance,Large,Australia,Medium,Low,JavaScript,124041.1031,No,Stable
Product Manager,Transportation,Small,Canada,High,Medium,Project Management,53511.18227,No,Growth
Data Scientist,Education,Medium,United States of America,Low,Low,Marketing,74767.08188,Yes,Stable
Operations Manager,Healthcare,Small,Australia,Medium,Low,UX/UI Design,86364.49448,Yes,Growth
Product Manager,Education,Medium,Canada,Medium,High,Machine Learning,93466.82847,No,Growth
HR Manager,Healthcare,Small,France,Medium,Medium,Sales,107583.526,Yes,Decline
Marketing Specialist,Healthcare,Small,France,Low,Medium,Communication,86956.00039,Yes,Growth
Marketing Specialist,Healthcare,Large,United States of America,High,High,Data Analysis,83680.82547,No,Decline
HR Manager,Finance,Small,United States of America,Medium,Low,Project Management,112062.6141,No,Decline
UX Designer,Healthcare,Medium,France,Medium,Low,Project Management,103239.9113,No,Decline
HR Manager,Retail,Medium,Canada,Medium,Medium,UX/UI Design,100779.5595,No,Decline
HR Manager,Entertainment,Large,United States of America,Medium,Low,Marketing,92250.31423,No,Growth
Marketing Specialist,Education,Medium,United Arab Emirates,Medium,High,Cybersecurity,109663.0442,No,Stable
Cybersecurity Analyst,Technology,Medium,United Kingdom,High,High,Communication,76873.81218,Yes,Stable
Marketing Specialist,Energy,Medium,Australia,High,Medium,UX/UI Design,74146.11436,Yes,Stable
Operations Manager,Transportation,Small,Singapore,Medium,High,Sales,104922.0197,No,Growth
Data Scientist,Telecommunications,Small,Australia,Low,High,JavaScript,57499.28062,Yes,Decline
AI Researcher,Finance,Medium,Singapore,High,Medium,Python,91843.59019,No,Stable
Cybersecurity Analyst,Technology,Large,Canada,Low,High,Cybersecurity,83668.83295,No,Growth
Software Engineer,Manufacturing,Small,Singapore,High,High,Marketing,61884.90539,No,Decline
AI Researcher,Retail,Large,United States of America,Medium,High,Data Analysis,71374.64841,No,Stable
Data Scientist,Telecommunications,Medium,United Arab Emirates,High,Low,Cybersecurity,87820.47815,Yes,Decline
Operations Manager,Energy,Medium,United Arab Emirates,Medium,Medium,Machine Learning,110679.2651,No,Stable
Operations Manager,Technology,Small,United States of America,High,Medium,Marketing,76940.84017,Yes,Stable
Software Engineer,Telecommunications,Medium,Germany,Medium,Medium,JavaScript,114267.628,No,Stable
Cybersecurity Analyst,Technology,Small,Canada,Medium,Low,Machine Learning,91263.58455,No,Decline
UX Designer,Retail,Medium,Germany,Medium,Low,Cybersecurity,116207.694,No,Growth
HR Manager,Energy,Medium,Germany,Medium,Medium,Python,77910.16782,Yes,Decline
Cybersecurity Analyst,Manufacturing,Small,Australia,Low,Low,Python,89023.80824,No,Stable
UX Designer,Healthcare,Small,France,Medium,Medium,JavaScript,97369.67207,No,Decline
Operations Manager,Education,Small,Australia,Low,Low,Project Management,86409.79075,No,Growth
Marketing Specialist,Manufacturing,Medium,France,Low,High,Communication,109060.4829,Yes,Decline
Data Scientist,Healthcare,Medium,United Kingdom,Medium,High,Data Analysis,45848.72549,Yes,Growth
Software Engineer,Finance,Large,Singapore,Low,Medium,Project Management,138448.1108,Yes,Growth
Data Scientist,Entertainment,Small,France,High,Low,Python,107155.4921,No,Decline
Sales Manager,Transportation,Medium,United States of America,Medium,Low,Python,86529.36342,Yes,Stable
Sales Manager,Transportation,Medium,Australia,Low,High,Sales,78953.56653,No,Growth
Cybersecurity Analyst,Education,Small,Canada,Medium,High,Machine Learning,72671.58777,Yes,Decline
Operations Manager,Energy,Large,Singapore,Medium,Low,Cybersecurity,102912.3095,Yes,Growth
Operations Manager,Retail,Small,United Kingdom,Medium,Low,Data Analysis,109899.6334,No,Stable
HR Manager,Energy,Large,France,Low,Low,JavaScript,86749.47744,Yes,Decline
HR Manager,Retail,Medium,United Kingdom,High,Low,Cybersecurity,112139.8083,No,Decline
HR Manager,Energy,Large,Canada,High,Low,Sales,71854.79906,No,Decline
Marketing Specialist,Entertainment,Medium,Germany,Low,Low,Python,68323.783,Yes,Stable
AI Researcher,Finance,Small,United Arab Emirates,Medium,Medium,JavaScript,126266.8241,No,Growth
Product Manager,Finance,Small,Canada,Low,Low,Python,101822.1723,No,Decline
AI Researcher,Healthcare,Small,Japan,Low,High,Data Analysis,117936.964,Yes,Growth
Data Scientist,Telecommunications,Large,Canada,Low,Medium,Machine Learning,72921.20583,Yes,Growth
AI Researcher,Finance,Medium,United Kingdom,Medium,Low,Cybersecurity,71529.49216,No,Stable
Marketing Specialist,Finance,Small,United States of America,Low,High,Cybersecurity,82827.81361,Yes,Decline
Data Scientist,Manufacturing,Small,Australia,Medium,Medium,Project Management,73518.82317,No,Growth
AI Researcher,Manufacturing,Medium,United States of America,Low,High,JavaScript,104107.3042,No,Decline
Marketing Specialist,Healthcare,Small,United Kingdom,High,Low,Communication,74977.47886,Yes,Decline
Product Manager,Telecommunications,Medium,Australia,Low,Low,Sales,66566.60284,Yes,Stable
AI Researcher,Education,Medium,Japan,Low,Low,Communication,92840.30825,Yes,Decline
Marketing Specialist,Manufacturing,Medium,United Arab Emirates,High,Low,Project Management,64200.27648,Yes,Decline
HR Manager,Education,Medium,Singapore,Medium,Medium,Data Analysis,54010.72137,No,Growth
Operations Manager,Technology,Medium,United Kingdom,Medium,Medium,Sales,92665.14468,No,Stable
HR Manager,Manufacturing,Large,France,Low,High,Machine Learning,55015.59914,Yes,Decline
Operations Manager,Entertainment,Small,United Kingdom,High,Low,Communication,105505.5879,Yes,Growth
Software Engineer,Telecommunications,Large,United Kingdom,Medium,High,Machine Learning,62093.32547,No,Stable
Software Engineer,Healthcare,Small,Australia,Low,Medium,Communication,45186.52427,No,Stable
Software Engineer,Technology,Large,United States of America,High,Low,Machine Learning,84124.067,No,Growth
Product Manager,Telecommunications,Medium,Canada,Medium,Low,Communication,92891.89007,No,Growth
HR Manager,Entertainment,Small,United States of America,Medium,Medium,Machine Learning,99829.50127,Yes,Growth
Operations Manager,Telecommunications,Small,Japan,High,Medium,Project Management,93440.31398,No,Growth
Marketing Specialist,Entertainment,Large,France,High,Medium,Marketing,68813.74758,No,Growth
Data Scientist,Entertainment,Large,United Arab Emirates,High,Medium,Sales,104261.2236,Yes,Decline
Marketing Specialist,Education,Small,Germany,High,Medium,JavaScript,109202.7701,No,Decline
Data Scientist,Energy,Large,Japan,Low,Low,Data Analysis,65884.75743,No,Stable
Sales Manager,Technology,Large,Germany,High,Medium,UX/UI Design,86379.87723,Yes,Decline
Marketing Specialist,Telecommunications,Large,Germany,Medium,Low,Python,84511.19946,Yes,Decline
AI Researcher,Retail,Medium,United Arab Emirates,Medium,Low,JavaScript,94407.63166,Yes,Decline
AI Researcher,Technology,Medium,United States of America,Low,Medium,Python,85901.52416,No,Growth
Cybersecurity Analyst,Energy,Large,United States of America,Medium,Medium,Sales,88642.44456,No,Stable
HR Manager,Technology,Large,United Kingdom,Medium,Low,JavaScript,102836.3106,Yes,Stable
Data Scientist,Finance,Medium,Singapore,High,Medium,Machine Learning,67722.93801,Yes,Stable
Data Scientist,Retail,Medium,Germany,Medium,Medium,Machine Learning,104747.4627,No,Stable
HR Manager,Energy,Small,France,Low,Medium,UX/UI Design,112822.6546,Yes,Decline
Product Manager,Education,Small,Japan,High,High,Python,122682.6999,Yes,Decline
Cybersecurity Analyst,Telecommunications,Medium,United States of America,High,Low,Data Analysis,47132.65352,Yes,Growth
Product Manager,Transportation,Large,Germany,Low,High,Sales,86341.96686,No,Stable
Product Manager,Energy,Large,United States of America,High,Medium,Machine Learning,50697.98851,No,Decline
Product Manager,Healthcare,Large,United States of America,High,High,Marketing,41298.7262,No,Decline
HR Manager,Telecommunications,Large,Germany,Low,Medium,Project Management,92881.86095,No,Growth
Product Manager,Energy,Small,Australia,High,High,Project Management,82016.96414,No,Growth
AI Researcher,Finance,Medium,Canada,Low,Medium,Communication,95997.01904,No,Growth
Software Engineer,Transportation,Large,France,Low,High,Data Analysis,99722.5538,Yes,Decline
Sales Manager,Finance,Small,United Kingdom,Medium,High,Project Management,114957.9192,No,Decline
Data Scientist,Transportation,Large,United Kingdom,Medium,High,Communication,91078.40851,No,Growth
Data Scientist,Healthcare,Medium,France,High,Low,Python,148467.1123,Yes,Stable
Sales Manager,Telecommunications,Small,Australia,High,High,Machine Learning,96128.1971,No,Growth
HR Manager,Education,Medium,United Kingdom,Low,Low,Machine Learning,126849.5809,No,Growth
Marketing Specialist,Finance,Medium,United States of America,High,Medium,Marketing,43343.24399,Yes,Growth
HR Manager,Finance,Small,United Arab Emirates,Low,High,JavaScript,116994.7906,Yes,Growth
Data Scientist,Entertainment,Small,Japan,Low,Medium,Project Management,86384.7902,Yes,Decline
Data Scientist,Transportation,Small,United States of America,High,Medium,Python,51033.05481,No,Stable
Sales Manager,Manufacturing,Small,United Kingdom,Low,High,Cybersecurity,98410.90218,Yes,Growth
Product Manager,Telecommunications,Small,France,Medium,Low,Project Management,83940.88924,No,Stable
HR Manager,Transportation,Small,United Arab Emirates,High,High,Data Analysis,101601.065,No,Stable
Operations Manager,Entertainment,Small,Germany,Medium,Medium,JavaScript,110221.5292,No,Stable
Sales Manager,Technology,Large,Canada,High,Medium,Project Management,60216.99766,No,Growth
AI Researcher,Transportation,Medium,France,Low,High,Python,110298.3796,Yes,Decline
Data Scientist,Education,Small,United States of America,High,Low,Project Management,90129.58968,Yes,Growth
Sales Manager,Telecommunications,Large,Canada,Medium,Low,Data Analysis,117056.8235,No,Stable
HR Manager,Entertainment,Large,Japan,Low,Medium,Cybersecurity,85897.03542,Yes,Stable
Data Scientist,Technology,Large,Japan,High,Medium,Sales,80591.82215,No,Decline
Marketing Specialist,Retail,Medium,Australia,High,Low,UX/UI Design,90541.08081,No,Growth
Sales Manager,Entertainment,Small,Singapore,High,High,Cybersecurity,92037.21413,No,Stable
Cybersecurity Analyst,Retail,Large,Australia,Medium,Medium,Communication,76744.30397,Yes,Decline
Data Scientist,Telecommunications,Medium,United Arab Emirates,Medium,Low,Project Management,80073.90538,No,Stable
HR Manager,Finance,Medium,Canada,High,Medium,Machine Learning,65462.48931,No,Decline
Software Engineer,Entertainment,Medium,Singapore,Low,High,Marketing,81307.0982,Yes,Decline
Operations Manager,Healthcare,Large,Germany,Low,Low,Machine Learning,103526.2012,Yes,Growth
UX Designer,Retail,Small,United States of America,Medium,Medium,Cybersecurity,87252.91652,Yes,Stable
Product Manager,Education,Large,Canada,Low,High,Machine Learning,110181.3059,Yes,Growth
UX Designer,Healthcare,Large,Australia,Medium,Medium,Python,86291.41065,No,Stable
HR Manager,Energy,Small,United States of America,High,High,Machine Learning,61369.64005,Yes,Growth
AI Researcher,Energy,Small,Singapore,Medium,High,JavaScript,101945.4978,No,Stable
AI Researcher,Technology,Small,Singapore,Medium,Low,Sales,76527.53718,Yes,Growth
Software Engineer,Finance,Medium,United States of America,High,High,Project Management,85332.65422,Yes,Decline
Product Manager,Telecommunications,Small,United Kingdom,Low,Medium,Machine Learning,114751.4409,Yes,Stable
Cybersecurity Analyst,Entertainment,Large,Japan,Medium,High,Data Analysis,66782.59081,Yes,Stable
Software Engineer,Manufacturing,Small,Japan,Medium,High,Sales,93294.87575,Yes,Decline
UX Designer,Education,Large,United States of America,High,Low,Sales,89189.633,Yes,Growth
Software Engineer,Retail,Medium,United Arab Emirates,Low,High,Machine Learning,104018.5143,No,Stable
UX Designer,Telecommunications,Large,United Arab Emirates,Medium,High,Sales,107103.0673,Yes,Stable
Data Scientist,Healthcare,Large,Germany,High,Medium,Marketing,95276.78008,Yes,Growth
AI Researcher,Energy,Small,Canada,Medium,Low,Machine Learning,82792.50707,Yes,Decline
Data Scientist,Education,Small,France,High,Low,Python,99467.45008,Yes,Growth
Operations Manager,Manufacturing,Large,United Kingdom,Low,Low,Cybersecurity,116713.1179,No,Growth
Product Manager,Entertainment,Small,Australia,Low,High,JavaScript,89454.20121,Yes,Growth
Cybersecurity Analyst,Technology,Medium,France,Low,Low,UX/UI Design,84654.87771,Yes,Stable
UX Designer,Manufacturing,Medium,France,Low,High,Communication,97763.40515,Yes,Decline
Cybersecurity Analyst,Education,Small,Singapore,Medium,High,Sales,90774.54041,Yes,Decline
UX Designer,Manufacturing,Medium,United States of America,Medium,Medium,Python,63245.81152,No,Growth
HR Manager,Education,Small,Japan,Low,Medium,Project Management,94786.61601,Yes,Stable
Software Engineer,Education,Large,Germany,Low,Medium,Project Management,63064.75182,No,Growth
Operations Manager,Transportation,Large,United Arab Emirates,Low,Medium,Communication,97489.61293,Yes,Stable
AI Researcher,Retail,Medium,United States of America,Medium,Medium,JavaScript,74057.14551,No,Stable
UX Designer,Energy,Small,Singapore,Low,High,Sales,90737.49608,No,Stable
Cybersecurity Analyst,Transportation,Small,Australia,Low,High,Marketing,97811.87812,Yes,Stable
Operations Manager,Entertainment,Medium,Germany,Low,Low,Communication,139078.0669,Yes,Decline
Marketing Specialist,Transportation,Large,Singapore,High,High,JavaScript,104854.9992,No,Stable
Marketing Specialist,Finance,Medium,Japan,Low,High,Sales,117295.9762,No,Stable
Data Scientist,Finance,Large,Japan,High,Medium,Python,127434.9564,Yes,Growth
AI Researcher,Energy,Small,Japan,High,High,Cybersecurity,99785.11834,No,Growth
HR Manager,Manufacturing,Large,United States of America,Low,Medium,Marketing,95713.79601,No,Decline
Cybersecurity Analyst,Retail,Medium,United States of America,High,Low,UX/UI Design,68665.57782,No,Growth
Software Engineer,Energy,Small,United Arab Emirates,Low,Low,Project Management,87667.40135,Yes,Stable
Software Engineer,Education,Medium,United Arab Emirates,Medium,High,Data Analysis,75538.24541,No,Growth
Cybersecurity Analyst,Healthcare,Medium,Australia,Medium,Low,Python,81978.823,No,Decline
Product Manager,Retail,Large,Germany,Medium,High,Project Management,127413.2675,No,Growth
HR Manager,Retail,Medium,United States of America,Medium,Low,Machine Learning,92292.43018,Yes,Growth
Operations Manager,Education,Large,United States of America,High,Medium,Data Analysis,72482.00845,Yes,Decline
UX Designer,Education,Small,Singapore,Low,Medium,Project Management,117490.6691,No,Decline
Product Manager,Technology,Large,Japan,Low,Medium,JavaScript,109105.5095,Yes,Stable
UX Designer,Energy,Small,Germany,Low,Medium,Marketing,110153.0699,No,Growth
UX Designer,Education,Large,France,Medium,High,Project Management,49877.39594,Yes,Stable
Product Manager,Finance,Medium,United States of America,Medium,Low,UX/UI Design,128973.4192,Yes,Growth
Data Scientist,Entertainment,Large,Canada,Low,High,Cybersecurity,78829.70516,No,Growth
Marketing Specialist,Healthcare,Large,United Kingdom,Medium,Medium,JavaScript,105559.0955,Yes,Stable
UX Designer,Energy,Small,Australia,Low,High,Python,140475.9958,Yes,Growth
Product Manager,Telecommunications,Medium,Japan,Low,Low,Python,133106.655,Yes,Growth
Product Manager,Finance,Large,Japan,Low,High,Python,70448.75749,No,Growth
Sales Manager,Manufacturing,Medium,Japan,Low,Low,Python,61109.65326,Yes,Decline
Data Scientist,Education,Large,United States of America,Low,High,Cybersecurity,118606.932,Yes,Stable
AI Researcher,Telecommunications,Large,United States of America,Low,Low,Project Management,92841.11623,No,Decline
Sales Manager,Education,Medium,United Kingdom,Low,Low,Sales,79982.37117,Yes,Stable
Sales Manager,Retail,Large,France,Medium,Medium,Project Management,102424.3709,Yes,Stable
Cybersecurity Analyst,Finance,Medium,Germany,Low,Low,Machine Learning,86742.40845,Yes,Growth
Marketing Specialist,Retail,Large,Japan,Low,Medium,Marketing,104026.4827,Yes,Stable
Product Manager,Technology,Small,United States of America,Medium,Medium,Data Analysis,91339.63616,Yes,Decline
Marketing Specialist,Retail,Medium,United Arab Emirates,Medium,Medium,Sales,104447.7586,No,Decline
HR Manager,Technology,Large,United States of America,Medium,High,Sales,72109.34622,No,Decline
Cybersecurity Analyst,Technology,Large,Singapore,Low,High,Project Management,118489.2403,Yes,Stable
AI Researcher,Telecommunications,Small,United States of America,High,High,Sales,103952.4674,Yes,Decline
Marketing Specialist,Education,Medium,Singapore,High,High,Communication,102925.9474,Yes,Stable
Software Engineer,Manufacturing,Large,Canada,Medium,Low,Communication,67646.60146,No,Decline
UX Designer,Retail,Small,United Arab Emirates,High,Low,Machine Learning,123992.6483,No,Decline
HR Manager,Finance,Large,United States of America,Medium,High,Data Analysis,89725.67801,Yes,Stable
Data Scientist,Technology,Medium,Canada,Low,Low,UX/UI Design,104560.9772,Yes,Decline
AI Researcher,Education,Large,Australia,High,Low,Cybersecurity,83543.51073,No,Growth
HR Manager,Healthcare,Large,Germany,Low,Medium,Project Management,95217.78129,Yes,Stable
UX Designer,Energy,Large,Canada,High,Medium,Cybersecurity,95942.54704,No,Stable
Cybersecurity Analyst,Telecommunications,Large,Germany,Low,Medium,UX/UI Design,33601.38136,No,Stable
UX Designer,Manufacturing,Small,United States of America,High,Medium,Project Management,101648.9625,Yes,Growth
Sales Manager,Transportation,Small,France,Low,Low,Project Management,129306.8292,No,Stable
UX Designer,Telecommunications,Medium,Canada,Low,High,Data Analysis,100795.6052,Yes,Decline
Sales Manager,Healthcare,Small,United Arab Emirates,High,Low,Cybersecurity,70845.83502,Yes,Decline
Cybersecurity Analyst,Energy,Small,United States of America,Low,Low,Communication,102999.2313,Yes,Decline
Operations Manager,Healthcare,Medium,Japan,Low,Low,Python,111189.6106,Yes,Stable
Sales Manager,Retail,Small,United States of America,Low,Medium,Cybersecurity,100249.3303,Yes,Decline
Data Scientist,Technology,Small,Canada,High,Medium,Marketing,88517.45787,Yes,Stable
UX Designer,Manufacturing,Medium,United Arab Emirates,High,Medium,Marketing,85157.01548,No,Decline
UX Designer,Entertainment,Medium,Australia,Low,High,Project Management,85073.80489,No,Growth
Data Scientist,Technology,Medium,Japan,Low,Low,Python,103955.538,No,Growth
Software Engineer,Entertainment,Large,Australia,High,High,JavaScript,61857.5201,No,Growth
Product Manager,Energy,Large,United States of America,High,Medium,UX/UI Design,82562.53678,Yes,Growth
Operations Manager,Education,Medium,United States of America,Low,High,Machine Learning,121912.1965,No,Stable
AI Researcher,Transportation,Medium,Canada,Low,Low,Python,122683.9053,No,Decline
Sales Manager,Finance,Medium,Canada,Low,Low,Machine Learning,60437.05824,No,Growth
Data Scientist,Technology,Large,France,Medium,Medium,Cybersecurity,67371.72777,Yes,Stable
Cybersecurity Analyst,Manufacturing,Large,France,High,Medium,Cybersecurity,84587.58841,No,Growth
Sales Manager,Healthcare,Small,United States of America,Medium,High,Machine Learning,107851.7903,Yes,Growth
Product Manager,Manufacturing,Small,United States of America,High,Medium,UX/UI Design,53450.51292,No,Stable
Cybersecurity Analyst,Energy,Medium,United States of America,High,Medium,Python,88903.8273,Yes,Stable
HR Manager,Entertainment,Large,France,High,Low,JavaScript,80516.41687,Yes,Decline
UX Designer,Healthcare,Large,United Arab Emirates,High,Medium,Project Management,116519.2935,No,Decline
HR Manager,Finance,Large,United Arab Emirates,High,Medium,Data Analysis,56461.83052,Yes,Growth
Sales Manager,Finance,Medium,United States of America,High,Low,Cybersecurity,91850.81231,Yes,Growth
Product Manager,Technology,Small,United Arab Emirates,High,Low,Marketing,82127.81125,No,Decline
Operations Manager,Energy,Medium,Singapore,Medium,High,UX/UI Design,119395.9785,No,Decline
Sales Manager,Education,Small,Germany,Low,Medium,Data Analysis,101953.0529,No,Stable
Data Scientist,Energy,Small,United States of America,Low,Low,JavaScript,78283.68681,Yes,Decline
Marketing Specialist,Entertainment,Medium,United States of America,Medium,High,Sales,107067.7289,Yes,Decline
Sales Manager,Manufacturing,Small,United Kingdom,Medium,High,Project Management,82223.42293,Yes,Growth
UX Designer,Finance,Small,Japan,Medium,Medium,Cybersecurity,109986.5942,No,Decline
UX Designer,Manufacturing,Large,Japan,Medium,Medium,Project Management,85258.46018,Yes,Growth
Sales Manager,Manufacturing,Small,Singapore,High,High,Data Analysis,111093.3316,Yes,Decline
Cybersecurity Analyst,Manufacturing,Medium,France,Low,Low,Project Management,98721.6391,Yes,Stable
Marketing Specialist,Finance,Medium,United States of America,High,High,Sales,155209.8216,Yes,Decline
Data Scientist,Telecommunications,Small,United States of America,Low,Medium,Data Analysis,88942.07989,Yes,Decline
Sales Manager,Retail,Large,Australia,Low,Low,Cybersecurity,97657.24583,Yes,Decline
Cybersecurity Analyst,Entertainment,Large,Singapore,Medium,Low,Python,80411.50517,Yes,Growth
UX Designer,Telecommunications,Small,United States of America,High,High,Marketing,90053.70682,No,Stable
UX Designer,Entertainment,Small,Singapore,Medium,Medium,Data Analysis,35963.29732,No,Decline
Product Manager,Healthcare,Medium,Singapore,High,High,Communication,99311.68033,No,Growth
Sales Manager,Energy,Small,Singapore,Low,High,Sales,116857.4843,Yes,Stable
Marketing Specialist,Energy,Large,Japan,Medium,High,Data Analysis,97932.60009,Yes,Growth
Software Engineer,Transportation,Small,Singapore,Medium,Low,Data Analysis,63722.77084,No,Growth
Marketing Specialist,Energy,Medium,Germany,Low,Low,Communication,73964.25695,Yes,Stable
UX Designer,Finance,Medium,United States of America,Low,Medium,Cybersecurity,41396.15746,No,Decline
UX Designer,Education,Medium,Australia,Low,Medium,Data Analysis,109578.4801,Yes,Growth
HR Manager,Technology,Medium,Germany,Medium,High,Marketing,69869.73415,Yes,Growth
UX Designer,Transportation,Medium,Australia,High,High,Project Management,89425.8282,No,Decline
Data Scientist,Technology,Small,United Kingdom,Medium,High,Cybersecurity,86925.24855,No,Decline
AI Researcher,Entertainment,Small,Australia,High,Medium,Marketing,119754.5407,No,Stable
Sales Manager,Technology,Small,United States of America,Medium,Low,Cybersecurity,91705.62636,No,Stable
Marketing Specialist,Technology,Small,United States of America,Medium,Low,Marketing,106177.8584,No,Stable
AI Researcher,Transportation,Medium,Singapore,Low,High,Sales,100929.2753,Yes,Decline
Cybersecurity Analyst,Healthcare,Large,Canada,High,High,Marketing,117188.2284,Yes,Growth
Software Engineer,Manufacturing,Small,United Kingdom,Medium,High,Machine Learning,85217.52611,Yes,Growth
Data Scientist,Energy,Large,United States of America,Medium,High,Marketing,127392.3066,No,Stable
Marketing Specialist,Energy,Small,United Arab Emirates,Low,Medium,Python,50286.75687,No,Decline
AI Researcher,Finance,Small,Australia,Low,Low,Python,107149.47,No,Growth
Software Engineer,Transportation,Large,Canada,High,High,UX/UI Design,72667.60783,No,Stable
HR Manager,Finance,Medium,Singapore,Medium,Medium,Machine Learning,80145.00894,No,Growth
Data Scientist,Education,Small,Japan,High,High,Machine Learning,101388.2853,No,Growth
Data Scientist,Education,Small,United States of America,Medium,High,Project Management,101228.041,Yes,Decline
HR Manager,Finance,Small,France,High,Low,Machine Learning,102128.5603,Yes,Decline
Sales Manager,Transportation,Large,Canada,Low,High,Project Management,62276.84112,Yes,Growth
HR Manager,Finance,Medium,Japan,Medium,Low,UX/UI Design,118980.6046,Yes,Stable
Data Scientist,Energy,Large,United Kingdom,High,Low,UX/UI Design,71987.05764,Yes,Decline
Data Scientist,Telecommunications,Large,Singapore,Low,Low,Sales,74654.2582,No,Growth
AI Researcher,Retail,Medium,United States of America,Low,Medium,Python,102757.9348,No,Decline
UX Designer,Technology,Large,United States of America,High,Medium,Marketing,84265.5765,No,Decline
Software Engineer,Retail,Medium,United States of America,Medium,Low,Marketing,96165.21681,No,Decline
HR Manager,Transportation,Small,United Kingdom,Medium,High,Communication,46867.98607,No,Growth
Software Engineer,Retail,Medium,Australia,Low,Low,Communication,95686.48899,No,Stable
HR Manager,Education,Small,France,Medium,High,JavaScript,94356.63759,Yes,Stable
Cybersecurity Analyst,Entertainment,Large,United Kingdom,Medium,Low,Cybersecurity,79802.82924,No,Stable
Data Scientist,Technology,Large,United Arab Emirates,Medium,High,Sales,48518.4808,No,Decline
UX Designer,Manufacturing,Small,France,Low,Medium,JavaScript,85743.83477,No,Growth
AI Researcher,Transportation,Large,United States of America,High,High,JavaScript,89252.5228,No,Decline
UX Designer,Technology,Medium,Singapore,Medium,Low,Data Analysis,82655.42019,Yes,Stable
UX Designer,Retail,Small,United Kingdom,Low,Medium,Data Analysis,53276.51071,Yes,Stable
UX Designer,Education,Large,Japan,Low,High,JavaScript,121894.6801,No,Growth
Software Engineer,Healthcare,Small,France,High,High,Machine Learning,77222.76944,Yes,Decline
HR Manager,Telecommunications,Medium,United Arab Emirates,Medium,High,Cybersecurity,85555.90674,Yes,Stable
Operations Manager,Manufacturing,Medium,United States of America,Medium,High,Sales,41810.51358,No,Growth
Cybersecurity Analyst,Telecommunications,Large,Australia,High,High,JavaScript,121897.107,No,Decline
Marketing Specialist,Technology,Medium,Japan,High,Medium,Marketing,80669.00137,No,Decline
UX Designer,Education,Small,France,Low,Medium,Cybersecurity,91969.25634,No,Stable
Sales Manager,Education,Medium,Singapore,Low,Medium,Data Analysis,112414.7489,No,Stable
Software Engineer,Retail,Small,Japan,High,Medium,Marketing,76473.91591,Yes,Decline
AI Researcher,Energy,Small,United States of America,Medium,Low,Data Analysis,109264.8997,No,Decline
Marketing Specialist,Retail,Medium,Japan,Low,Medium,Data Analysis,48773.49088,No,Stable
Operations Manager,Energy,Large,Germany,Low,High,Cybersecurity,101019.7332,No,Decline
Sales Manager,Energy,Medium,Canada,Medium,High,Data Analysis,121444.8433,Yes,Stable
Operations Manager,Manufacturing,Small,Australia,Low,Medium,UX/UI Design,78391.66306,No,Decline
Marketing Specialist,Retail,Small,United States of America,Medium,High,Python,112377.6324,No,Stable
UX Designer,Healthcare,Medium,Japan,Medium,Medium,UX/UI Design,126678.453,No,Growth
Sales Manager,Finance,Large,Canada,Medium,High,Python,84903.16324,Yes,Stable
Operations Manager,Finance,Large,Canada,High,Low,Communication,83249.43428,No,Stable
AI Researcher,Retail,Small,Japan,High,Low,Communication,72034.12508,No,Growth
HR Manager,Retail,Small,Singapore,High,Medium,Data Analysis,79805.3969,No,Decline
Data Scientist,Telecommunications,Large,Germany,Medium,Medium,Sales,73692.80219,Yes,Growth
HR Manager,Manufacturing,Medium,United Kingdom,Medium,Medium,Sales,72017.77803,No,Stable
Marketing Specialist,Retail,Small,Germany,High,High,Python,113976.7059,No,Decline
Software Engineer,Telecommunications,Small,Japan,Low,Medium,Marketing,74201.47949,No,Growth
Data Scientist,Energy,Large,Australia,Medium,Low,Cybersecurity,95170.43829,Yes,Decline
Cybersecurity Analyst,Education,Medium,United Kingdom,Low,High,Data Analysis,90764.6687,No,Decline
AI Researcher,Education,Large,United States of America,Low,Medium,Cybersecurity,119961.8913,No,Growth
Cybersecurity Analyst,Energy,Medium,Germany,Medium,High,UX/UI Design,79936.87536,No,Decline
Sales Manager,Transportation,Medium,Japan,Medium,High,Sales,97622.96093,Yes,Growth
Data Scientist,Telecommunications,Medium,Germany,Low,Medium,Machine Learning,105821.394,Yes,Stable
Cybersecurity Analyst,Telecommunications,Small,United Kingdom,Low,High,UX/UI Design,119794.9921,No,Decline
Cybersecurity Analyst,Energy,Large,United Arab Emirates,High,Low,UX/UI Design,79644.9331,Yes,Stable
Operations Manager,Healthcare,Large,France,High,Low,Python,77642.15063,Yes,Stable
HR Manager,Entertainment,Medium,Germany,Medium,High,Project Management,68764.37892,Yes,Decline